店舗,新台入替回数,総導入台数,平均差枚数,平均回転数,勝率
メガコンコルド1155日進長久手,6.0,181.0,818.0773480662983,3494.7845303867402,0.5469613259668509
コスモジャパン大府,33.0,1124.0,736.5195729537367,3486.3007117437724,0.5302491103202847
大丸桜山,14.0,38.0,681.2368421052631,4893.078947368421,0.5
yout小牧店(APAN21小牧店),15.0,104.0,666.9134615384615,2532.076923076923,0.4326923076923077
ホームラン白子,14.0,93.0,624.2258064516129,4096.8279569892475,0.45161290322580644
キクヤ本店,37.0,179.0,575.8826815642458,6242.374301675977,0.5363128491620112
キクヤ一宮,11.0,438.0,518.8470319634703,4123.543378995434,0.4954337899543379
オーギヤタウン半田,22.0,711.0,510.8115330520394,8386.81153305204,0.5288326300984529
ZENT若林,5.0,24.0,481.7916666666667,5481.083333333333,0.5
キクヤ長良,29.0,305.0,478.7311475409836,6659.55737704918,0.46229508196721314
ZENT上地,14.0,127.0,473.6062992125984,5803.645669291339,0.4094488188976378
GOLD玉越浄水,12.0,133.0,431.61654135338347,7126.909774436091,0.45112781954887216
オーギヤ本巣,19.0,179.0,371.3631284916201,3458.1340782122907,0.45251396648044695
大垣コロナ,1.0,24.0,352.25,6444.833333333333,0.5
ウイングレット,16.0,97.0,337.4329896907216,2784.0309278350514,0.44329896907216493
キクヤ春日井,44.0,1162.0,334.8209982788296,7378.702237521515,0.44664371772805506
オーギヤGO,13.0,80.0,331.65,4514.15,0.45
ABC刈谷,2.0,41.0,317.1951219512195,3446.7073170731705,0.43902439024390244
コスモジャパン三谷,32.0,432.0,313.26851851851853,4368.550925925926,0.4675925925925926
スーパードーム四日市,11.0,98.0,292.90816326530614,3520.438775510204,0.35714285714285715
オーギヤチャンピオン,16.0,143.0,288.5174825174825,4682.083916083916,0.3916083916083916
ZENT555,32.0,600.0,281.60833333333335,3781.225,0.4633333333333333
キング666瑞浪インター,2.0,29.0,258.7931034482759,5933.448275862069,0.3793103448275862
KYORAKU東海,31.0,444.0,258.6306306306306,3595.295045045045,0.42567567567567566
コスモジャパン西尾,33.0,483.0,252.8695652173913,3000.341614906832,0.463768115942029
プレイランドキャッスル尾頭橋,62.0,491.0,236.4725050916497,2010.2423625254582,0.45010183299389
ジール当知,15.0,134.0,235.76119402985074,4033.805970149254,0.3656716417910448
オーギヤWO,15.0,233.0,232.85836909871244,5662.56652360515,0.38626609442060084
ホームラン桑名,15.0,275.0,227.83272727272728,4184.552727272728,0.38545454545454544
ZENT猪高,12.0,110.0,224.96363636363637,3549.909090909091,0.37272727272727274
プレイランドキャッスル高浜,19.0,454.0,201.90969162995594,7773.508810572687,0.47577092511013214
ZENT坂祝,13.0,228.0,195.6140350877193,5891.149122807017,0.39035087719298245
オータ岡崎,41.0,177.0,192.05649717514123,4800.265536723164,0.3559322033898305
グランワールドカップ本巣,27.0,743.0,184.3943472409152,5676.21130551817,0.44549125168236875
ZENT市ノ坪,17.0,346.0,172.14739884393063,8319.225433526011,0.4653179190751445
キング観光笠寺,46.0,181.0,172.0939226519337,4477.165745856353,0.4198895027624309
APANCLUB弘法通り,17.0,134.0,169.044776119403,5651.723880597015,0.44029850746268656
オーギヤ豊橋駅前,11.0,72.0,161.56944444444446,5238.125,0.3888888888888889
プレイランドキャッスル知多東海,41.0,444.0,160.5045045045045,3029.4504504504503,0.46621621621621623
ニューサンプラザ,13.0,99.0,158.64646464646464,2518.959595959596,0.37373737373737376
キング観光サウザンド生桑,45.0,899.0,157.71857619577307,6047.727474972191,0.43047830923248054
キング666飛騨高山,33.0,360.0,139.85555555555555,6464.383333333333,0.4361111111111111
キャッスル大金,34.0,363.0,138.35812672176309,5179.757575757576,0.46005509641873277
M&K岡崎,28.0,307.0,130.41042345276873,6347.214983713355,0.44299674267100975
KOHAKU天白,13.0,40.0,130.25,2230.75,0.45
KEIZ美濃インター,21.0,195.0,127.93333333333334,3423.0410256410255,0.36923076923076925
コスモジャパン蒲郡,31.0,567.0,125.37566137566138,4732.509700176367,0.42680776014109345
プレイランドキャッスル知多にしの台,41.0,533.0,117.28705440900563,4257.626641651032,0.42213883677298314
キング観光尾鷲,57.0,246.0,111.96747967479675,3045.2276422764226,0.43902439024390244
ZENT各務原,29.0,379.0,109.23746701846966,7431.050131926121,0.45118733509234826
キング観光鈴鹿インター,50.0,248.0,104.84677419354838,3908.4919354838707,0.4314516129032258
KEIZ港,31.0,616.0,96.22564935064935,5570.327922077922,0.4237012987012987
玉越中川,37.0,446.0,93.92600896860986,1404.847533632287,0.4125560538116592
オータ田原,15.0,90.0,91.32222222222222,3207.277777777778,0.43333333333333335
ZENT木曽川,37.0,474.0,87.43037974683544,2598.4599156118143,0.41350210970464135
ZENT刈谷,35.0,481.0,78.24324324324324,4381.56340956341,0.42203742203742206
G&L一宮,32.0,156.0,73.46153846153847,1515.2051282051282,0.40384615384615385
ZENT名古屋北,30.0,1529.0,62.805755395683455,5989.164813603663,0.4290385873119686
ZENT多治見,3.0,67.0,58.343283582089555,8615.835820895523,0.4626865671641791
ホームラン津,14.0,124.0,52.87903225806452,4717.806451612903,0.3225806451612903
ラッキー1番日進竹の山,28.0,174.0,49.40229885057471,3398.442528735632,0.3735632183908046
キクヤ穂積,28.0,813.0,47.81549815498155,7294.880688806888,0.43050430504305043
富士サーキット,11.0,44.0,46.43181818181818,1423.25,0.3409090909090909
ダイエー守山,17.0,106.0,39.0,2634.0943396226417,0.3490566037735849
メガコンコルド稲沢,43.0,792.0,28.315656565656564,4597.444444444444,0.3939393939393939
キクヤ島,29.0,657.0,28.225266362252665,7017.409436834095,0.4490106544901065
プレイランドキャッスル小牧,44.0,809.0,27.889987639060568,4873.966625463535,0.43139678615574784
マリオン羽島インター北,18.0,61.0,25.9672131147541,898.3770491803278,0.32786885245901637
オーギヤ安城,31.0,271.0,18.85977859778598,7062.457564575646,0.46863468634686345
グリフィン穂積,21.0,269.0,12.74721189591078,3825.918215613383,0.35687732342007433
A-FLAG津,34.0,176.0,12.215909090909092,2806.1761363636365,0.3806818181818182
ホームラン四日市駅西,17.0,177.0,3.7796610169491527,3524.587570621469,0.3446327683615819
グランワールドカップ伊勢,3.0,156.0,2.16025641025641,3962.9551282051284,0.36538461538461536
サン亀山,15.0,58.0,-1.396551724137931,2161.2586206896553,0.3793103448275862
ZENT可児,31.0,441.0,-3.4625850340136055,7346.9569160997735,0.42857142857142855
ZENT長久手,9.0,116.0,-19.267241379310345,2828.293103448276,0.4224137931034483
サンパレス,31.0,164.0,-22.073170731707318,3269.628048780488,0.4451219512195122
KEIZアピタ伊賀上野,17.0,190.0,-25.794736842105262,1846.0894736842106,0.3157894736842105
プレイランドキャッスル熱田,41.0,1623.0,-25.828096118299445,4568.838570548367,0.4232902033271719
KEIZ江南,4.0,106.0,-29.150943396226417,2692.566037735849,0.3113207547169811
タイキ四日市泊小柳,37.0,440.0,-32.74545454545454,5799.425,0.425
プレイランドキャッスル天白,41.0,1017.0,-36.87315634218289,4406.890855457227,0.4139626352015733
KEIZ中川運河,35.0,584.0,-38.50171232876713,2798.821917808219,0.3972602739726027
マリオン十番町,7.0,15.0,-41.2,385.1333333333333,0.13333333333333333
KYORAKU妙音通,35.0,317.0,-41.25867507886435,3339.2365930599367,0.3722397476340694
玉越東郷,5.0,55.0,-77.85454545454546,2201.2727272727275,0.45454545454545453
ZENT扶桑,38.0,550.0,-82.71636363636364,4664.994545454545,0.4218181818181818
リブレ尾張瀬戸,13.0,162.0,-85.43827160493827,3385.4506172839506,0.35802469135802467
プレイランドキャッスル大曾根,8.0,140.0,-87.29285714285714,3929.7214285714285,0.37857142857142856
オータ豊橋,18.0,195.0,-90.71794871794872,3537.4307692307693,0.3333333333333333
ZENT稲沢,34.0,586.0,-93.67747440273038,2987.8873720136517,0.41638225255972694
リブレ-遊援館,12.0,147.0,-95.74829931972789,4732.9795918367345,0.3673469387755102
半田コロナ,2.0,21.0,-99.19047619047619,6077.952380952381,0.42857142857142855
エアポート777土岐,8.0,28.0,-100.32142857142857,1914.0714285714287,0.25
ミカド観光半田,17.0,179.0,-100.8659217877095,4620.08938547486,0.40782122905027934
KOHAKU春日井,20.0,81.0,-107.44444444444444,2737.1604938271603,0.25925925925925924
Zing大樹寺,3.0,53.0,-112.71698113207547,3393.8490566037735,0.33962264150943394
チャンピオンタイキ岡崎伊賀,10.0,36.0,-112.75,1482.0555555555557,0.25
ホームラン平田,16.0,105.0,-114.15238095238095,3817.3333333333335,0.29523809523809524
リブレ遊援館,38.0,485.0,-114.24536082474226,5281.849484536083,0.3752577319587629
FUJI芸濃,14.0,47.0,-115.34042553191489,1553.8510638297873,0.2553191489361702
メガコンコルド春日井,42.0,671.0,-117.16840536512667,7303.734724292101,0.40238450074515647
KEIZ岐阜六条,15.0,150.0,-121.12666666666667,3401.56,0.32666666666666666
プレイランドキャッスル知多,46.0,202.0,-121.52475247524752,3025.9059405940593,0.3712871287128713
キング観光サウザンド栄東新町,40.0,358.0,-131.99720670391062,6177.7597765363125,0.4022346368715084
JP888,36.0,374.0,-133.52673796791444,6858.572192513369,0.4090909090909091
マリオンガーデン岐阜本,23.0,143.0,-139.5944055944056,2271.6503496503497,0.2937062937062937
KEIZ土岐,7.0,50.0,-139.96,858.2,0.14
ゴー港,39.0,113.0,-142.3362831858407,1894.3274336283187,0.24778761061946902
キング観光サウザンド今池2号,46.0,347.0,-144.03458213256485,4409.907780979827,0.40057636887608067
メガガイア一宮,42.0,755.0,-148.3721854304636,2714.7880794701987,0.37218543046357616
プレイランドキャッスルワンダー,41.0,924.0,-149.2478354978355,4523.511904761905,0.39935064935064934
オーギヤ江南,21.0,233.0,-154.07725321888412,6061.214592274678,0.37339055793991416
マルシン777,34.0,484.0,-157.5020661157025,3429.778925619835,0.40702479338842973
メガコンコルド大口41号通り,37.0,895.0,-158.11731843575419,3342.0536312849163,0.38324022346368714
サンシャインKYORAKU平針,35.0,361.0,-158.57894736842104,4987.116343490305,0.40166204986149584
ラッキープラザ名古屋西インター七宝,38.0,655.0,-161.16030534351145,3462.9648854961833,0.4
ハートランド河間,7.0,77.0,-162.3116883116883,1275.4155844155844,0.16883116883116883
KYORAKU西,30.0,369.0,-164.72357723577235,3894.0460704607044,0.3224932249322493
パチンコ富士養老,14.0,77.0,-168.8961038961039,1239.4935064935064,0.2727272727272727
パチンコ立岩,31.0,156.0,-169.3846153846154,5809.583333333333,0.41025641025641024
プレイランドキャッスル上社,48.0,486.0,-173.71604938271605,3388.514403292181,0.38271604938271603
KEIZ多治見,13.0,268.0,-176.22014925373134,3081.2462686567164,0.3208955223880597
キング666一宮,37.0,277.0,-178.8519855595668,2393.895306859206,0.34296028880866425
オーギヤ豊川蔵子,15.0,182.0,-180.1813186813187,5327.010989010989,0.4065934065934066
プレイランドキャッスル大曽根,51.0,779.0,-182.6315789473684,4157.643132220795,0.39152759948652116
大統領中川,4.0,13.0,-184.30769230769232,3832.3846153846152,0.38461538461538464
A-FLAG瀬戸,39.0,130.0,-185.4923076923077,2536.5692307692307,0.38461538461538464
ジール東中島店,1.0,7.0,-190.28571428571428,4148.714285714285,0.42857142857142855
ダイマル星崎,18.0,240.0,-191.94166666666666,5143.445833333333,0.3625
オーギヤXO,13.0,128.0,-193.578125,4752.296875,0.390625
パーラーワールド小牧,62.0,209.0,-195.10047846889952,1927.77990430622,0.3253588516746411
マリオンガーデン1000,14.0,172.0,-195.93023255813952,1632.7209302325582,0.20930232558139536
プレイランド第一平和,34.0,170.0,-195.9470588235294,1935.9882352941177,0.34705882352941175
ホームラン川越,11.0,189.0,-196.46560846560845,4303.476190476191,0.3386243386243386
KYORAKU豊明,3.0,44.0,-198.61363636363637,2255.159090909091,0.3181818181818182
ZENT大清水,18.0,67.0,-200.23880597014926,1862.2835820895523,0.40298507462686567
プレイランドキャッスル春日井,43.0,1115.0,-206.40986547085203,7263.8825112107625,0.40358744394618834
オーギヤ西尾,14.0,100.0,-208.94,5042.99,0.3
オーギヤグランプリ,12.0,67.0,-214.82089552238807,5364.626865671642,0.3880597014925373
ZENT住吉,30.0,517.0,-216.19922630560927,6981.058027079303,0.40038684719535783
M&K道光寺,22.0,182.0,-217.07692307692307,3249.7912087912086,0.3516483516483517
ラッキープラザ弥富,39.0,224.0,-229.56696428571428,2822.3928571428573,0.3482142857142857
キング観光サウザンド近鉄四日市,46.0,479.0,-232.54070981210856,4525.80375782881,0.3653444676409186
キング観光新瑞,44.0,191.0,-233.95811518324606,2755.780104712042,0.3403141361256545
グランドオータ鳴海,44.0,592.0,-235.5777027027027,2840.626689189189,0.36655405405405406
ZENT豊田本店,37.0,506.0,-242.05533596837944,7560.201581027668,0.41304347826086957
ZENT岡崎インター,30.0,769.0,-243.70481144343302,7247.039011703511,0.37971391417425226
タイキ豊橋藤沢,20.0,192.0,-243.8125,3964.5885416666665,0.3177083333333333
メガコンコルドBLAZE,31.0,897.0,-250.08026755852842,7452.42474916388,0.40914158305462656
メガコンコルド豊田インター,46.0,760.0,-254.7907894736842,6947.4473684210525,0.4328947368421053
ホームラン四日市,17.0,100.0,-255.75,3458.83,0.3
プレイランドキャッスル記念橋南,48.0,475.0,-267.0442105263158,5063.454736842105,0.37684210526315787
キング666東海,35.0,437.0,-267.7391304347826,4143.004576659039,0.38443935926773454
ラッキー1番江南,38.0,238.0,-268.7226890756302,3586.718487394958,0.37815126050420167
僕のAPAN美のかも,15.0,89.0,-270.7303370786517,3027.550561797753,0.25842696629213485
オーギヤ二川,13.0,124.0,-271.71774193548384,3798.935483870968,0.2903225806451613
がちゃぽん南,34.0,265.0,-274.2679245283019,5858.62641509434,0.4188679245283019
メガスロットコンコルド吉浜,47.0,365.0,-276.8027397260274,6285.956164383561,0.3917808219178082
ZENT和合ケ丘,14.0,63.0,-277.2857142857143,2027.1746031746031,0.2857142857142857
プレイランドキャッスル東郷,24.0,632.0,-277.3164556962025,3661.3702531645567,0.370253164556962
キング観光いなべ,49.0,324.0,-277.5617283950617,4055.3888888888887,0.4104938271604938
キング観光サウザンド栄若宮大通,37.0,1770.0,-282.2954802259887,7464.316384180791,0.4005649717514124
メガコンコルド岡崎インター,30.0,1059.0,-285.8253068932956,8003.601510859301,0.40793201133144474
ホームラン菰野,16.0,264.0,-296.4128787878788,3823.7954545454545,0.3371212121212121
M&K本店,28.0,377.0,-311.0424403183024,3284.342175066313,0.35278514588859416
丸新東刈谷,13.0,125.0,-311.296,2111.52,0.296
コンコルド一宮尾西インター,42.0,476.0,-311.3193277310924,2724.3970588235293,0.3487394957983193
タイキ伊勢小木,20.0,106.0,-315.9622641509434,2936.3396226415093,0.330188679245283
オーギヤDO,13.0,73.0,-316.1506849315069,3410.5753424657532,0.3013698630136986
SUN池田,15.0,67.0,-321.17910447761193,2586.6716417910447,0.2537313432835821
プレイランドキャッスル大垣,40.0,1079.0,-326.4893419833179,5719.071362372567,0.38368860055607046
キング観光サウザンド桑名サンシパーク,44.0,544.0,-328.6341911764706,4749.663602941177,0.37683823529411764
ラッキープラザ可児,41.0,331.0,-333.41389728096675,4917.622356495468,0.3716012084592145
メガコンコルド刈谷知立,37.0,877.0,-338.96351197263397,7393.143671607753,0.40250855188141393
ラッキープラザ津島,38.0,158.0,-340.90506329113924,2271.9240506329115,0.34810126582278483
キング観光名張,68.0,259.0,-344.3243243243243,2323.3938223938226,0.3783783783783784
キング666半田,22.0,180.0,-353.0777777777778,6422.916666666667,0.4
メガコンコルド岡崎北,33.0,499.0,-389.8517034068136,6806.647294589178,0.38276553106212424
ZENT梅坪,37.0,666.0,-393.91291291291293,7437.484984984985,0.38288288288288286
キング観光熊野,61.0,214.0,-396.8644859813084,2704.626168224299,0.32710280373831774
玉越浄水,8.0,79.0,-398.82278481012656,4585.784810126583,0.3037974683544304
メガコンコルド名古屋みなと23号通り,36.0,770.0,-399.5090909090909,7506.763636363637,0.38701298701298703
キング観光サウザンド鈴鹿,44.0,947.0,-402.81626187961984,5601.748680042238,0.38542766631467795
コンコルド岐阜羽島駅前,44.0,384.0,-408.8619791666667,6511.536458333333,0.359375
SR21中川,8.0,10.0,-409.9,811.5,0.1
タイキ稲沢駅前,19.0,183.0,-410.53551912568304,1907.5792349726776,0.28415300546448086
ラッキープラザ関,43.0,352.0,-414.6136363636364,4219.627840909091,0.3494318181818182
ハイ-ブリっヂ,16.0,63.0,-416.3333333333333,2545.904761904762,0.3968253968253968
コンコルド愛西日比野駅前,31.0,384.0,-416.8255208333333,3758.2109375,0.3671875
Suns四日市インター,13.0,35.0,-416.8285714285714,1330.2571428571428,0.3142857142857143
タイキ豊橋仲ノ,4.0,25.0,-418.88,2269.08,0.24
メガコンコルド大垣インター南,44.0,447.0,-419.9127516778523,6093.86129753915,0.3713646532438479
メガコンコルド西尾,56.0,249.0,-420.62248995983936,4247.281124497992,0.3373493975903614
メガコンコルドみなと木場インター,42.0,534.0,-421.7771535580524,6308.921348314607,0.33707865168539325
ぱちんこ太陽,16.0,107.0,-427.4018691588785,1961.196261682243,0.27102803738317754
ZENT豊橋藤沢店,24.0,467.0,-434.77516059957173,6489.152034261242,0.37259100642398285
MGM四日市,35.0,363.0,-439.04407713498625,5512.258953168044,0.34710743801652894
パチンコFUJI可児,15.0,44.0,-452.9318181818182,1394.090909090909,0.20454545454545456
yout勝川,21.0,66.0,-466.57575757575756,1620.8030303030303,0.2727272727272727
キング観光サウザンド桑名本店,46.0,764.0,-503.5392670157068,4754.592931937173,0.3599476439790576
キング観光サウザンド松阪,61.0,174.0,-514.0057471264367,2955.6666666666665,0.3103448275862069
KEIZギャラリエアピタ知立,17.0,207.0,-528.4927536231884,4414.004830917875,0.3526570048309179
スーパードーム上野,7.0,66.0,-561.8939393939394,5921.393939393939,0.3181818181818182
ABC豊川,41.0,595.0,-572.2420168067227,6550.6067226890755,0.373109243697479
オータ西,15.0,63.0,-601.5555555555555,2847.5238095238096,0.23809523809523808
キング観光サウザンド津,29.0,671.0,-612.779433681073,6145.049180327869,0.35767511177347244
メガコンコルド豊川インター,36.0,903.0,-624.8981173864895,8093.90919158361,0.3798449612403101
ジール碧南,1.0,22.0,-663.0,5744.318181818182,0.18181818181818182
APANCLUB山ノ手,16.0,83.0,-711.4578313253012,3869.722891566265,0.27710843373493976
KOHAKU堀田,18.0,51.0,-718.1372549019608,2092.607843137255,0.17647058823529413
yout碧南,12.0,75.0,-728.8666666666667,2883.08,0.18666666666666668
サンシャインKYORAKU植田,5.0,28.0,-882.5714285714286,2562.464285714286,0.14285714285714285
安城コロナ,1.0,27.0,-1043.5925925925926,2304.4444444444443,0.25925925925925924
ZENT下市場,6.0,20.0,-1249.4,6143.7,0.4
